title,price,rating,reviews,availability
"A40 Pro Wireless Earbuds, 50Hrs Playtime Bluetooth Earbuds Built in Noise Cancellation Mic with Charging Case, Bluetooth Headphones with Stereo Sound, IPX7 Waterproof Ear buds for iPhone/Android/Pods",$29.99,4.9 out of 5 stars,47 ratings,In Stock.
"TOZO A3 Wireless Earbuds Bluetooth 5.3 Half in-Ear Lightweight Headsets with Digital Call Noise Reduction,Charging Case with Reset Button Hall Detection,Premium Sound with Long Endurance,White",$14.44,4.5 out of 5 stars,549 ratings,In Stock.
"Wireless Earbuds, Bluetooth Earbuds Bluetooth 5.3 Headphones 36H Playtime LED Power Display Earbuds Stereo Sound Deep Bass Crystal-Clear Calls Headset with Charging Case for Workout/Home/Office",$29.99,4.4 out of 5 stars,"2,127 ratings",In Stock.
TOZO T6 True Wireless Earbuds Bluetooth 5.3 Headphones Touch Control with Wireless Charging Case IPX8 Waterproof Stereo Earphones in-Ear Built-in Mic Headset Premium Deep Bass for Sport Black,$25.99,4.4 out of 5 stars,"236,633 ratings",In Stock.
TOZO T6 True Wireless Earbuds Bluetooth 5.3 Headphones Touch Control with Wireless Charging Case IPX8 Waterproof Stereo Earphones in-Ear Built-in Mic Headset Premium Deep Bass for Sport Black,$25.99,4.4 out of 5 stars,"236,633 ratings",In Stock.
"Bluetooth Headphones V5.3 Wireless Earbuds 50 Hrs Battery Life with Wireless Charging Case & LED Power Display Deep Bass IPX7 Waterproof Earphones Microphone Stereo Headset for iPhone & Android, White",$25.49,4.7 out of 5 stars,"1,571 ratings",In Stock.
"ZIUTY Wireless Earbuds, V5.3 Headphones 50H Playtime with LED Digital Display Charging Case, IPX5 Waterproof Earphones with Mic for Android iOS Cell Phone Computer Laptop Sports",$26.99,4.8 out of 5 stars,"5,597 ratings",In Stock.
GOLREX Bluetooth Headphones Wireless Earbuds 36Hrs Playtime Wireless Charging Case Digital LED Display Over-Ear Earphones with Earhook Waterproof Headset with Mic for Sport Running Workout Black,$41.99,4.8 out of 5 stars,"3,068 ratings",In Stock.
"CAPOXO Wireless Earbuds Bluetooth Headphones 50Hrs Playtime with Wireless Charging Case&Dual LED Power Display, IPX7 Waterproof Earphones, in Ear Stereo Headset Built-in Mic for iPhone/Android",$19.99,4.7 out of 5 stars,742 ratings,In Stock.
TOZO T10 Bluetooth 5.3 Wireless Earbuds with Wireless Charging Case IPX8 Waterproof Stereo Headphones in Ear Built in Mic Headset Premium Sound with Deep Bass for Sport Black,$22.99,4.3 out of 5 stars,"336,312 ratings",In Stock.
"Beats Studio Buds - True Wireless Noise Cancelling Earbuds - Compatible with Apple & Android, Built-in Microphone, IPX4 Rating, Sweat Resistant Earphones, Class 1 Bluetooth Headphones - Black",Null,4.4 out of 5 stars,"53,189 ratings",
"Soundcore by Anker Life P2 Mini True Wireless Earbuds, 10mm Drivers with Big Bass, Custom EQ, Bluetooth 5.2, 32H Playtime, USB-C for Fast Charging, Tiny Size for Commute, Work (Black)",$34.99,4.4 out of 5 stars,"8,290 ratings",In Stock.
JBL Vibe 200TWS True Wireless Earbuds - Black,$49.95,4.3 out of 5 stars,"8,650 ratings",Not Available
TOZO T6 True Wireless Earbuds Bluetooth 5.3 Headphones Touch Control with Wireless Charging Case IPX8 Waterproof Stereo Earphones in-Ear Built-in Mic Headset Premium Deep Bass for Sport Black,$25.99,4.4 out of 5 stars,"236,633 ratings",In Stock.
"ZIUTY Wireless Earbuds, V5.3 Headphones 50H Playtime with LED Digital Display Charging Case, IPX5 Waterproof Earphones with Mic for Android iOS Cell Phone Computer Laptop Sports",$26.99,4.8 out of 5 stars,"5,597 ratings",In Stock.
"DIUARA Wireless Earbuds V5.3 Bluetooth Headphones 48 Hrs Playtime with LED Power Display Charging Case, IPX5 Waterproof Deep Bass Stereo Earphones with Mic for Android iOS Cell Phone",$29.99,5.0 out of 5 stars,41 ratings,In Stock.
"TOZO A1 Mini Wireless Earbuds Bluetooth 5.3 in Ear Light-Weight Headphones Built-in Microphone, IPX5 Waterproof, Immersive Premium Sound Long Distance Connection Headset with Charging Case, Black",$17.99,4.3 out of 5 stars,"44,991 ratings",In Stock.
"TOZO A1 Mini Wireless Earbuds Bluetooth 5.3 in Ear Light-Weight Headphones Built-in Microphone, IPX5 Waterproof, Immersive Premium Sound Long Distance Connection Headset with Charging Case, Black",$17.99,4.3 out of 5 stars,"44,991 ratings",In Stock.
"Cotogni Wireless Earbuds Bluetooth5.3, Wireless Earbuds Headphones with Charing Case Earwing SweatProof Clear Calls HiFi Sound for Running/Fitness",$15.99,4.5 out of 5 stars,68 ratings,In Stock.
"JLab Go Air True Wireless Bluetooth Earbuds + Charging Case | Green | Dual Connect | IP44 Sweat Resistance | Bluetooth 5.0 Connection | 3 EQ Sound Settings Signature, Balanced, Bass Boost",$14.99,4.2 out of 5 stars,"27,943 ratings",In Stock.
"ESSPOMNCE Wireless Earbuds Bluetooth Headphones 36H Play Time 5.0 Bluetooth with Wireless Charging Case, IPX6 Waterproof Sweat-Proof Earphones True Wireless Earbuds, in-Ear Earbuds for Working Sports",$12.98,4.9 out of 5 stars,164 ratings,In Stock.
Orancu Bluetooth Headphones Wireless Earbuds with Wireless Charging Case 48hrs Playtime LED Digital Display Deep Bass Sound Earphones with Built in Mic and Over Earhooks Waterproof Headset for Sports,$39.99,4.9 out of 5 stars,385 ratings,In Stock.
TAGRY Bluetooth Headphones True Wireless Earbuds 60H Playback LED Power Display Earphones with Wireless Charging Case IPX5 Waterproof in-Ear Earbuds with Mic for TV Smart Phone Computer Laptop Sports,$34.99,4.5 out of 5 stars,"30,058 ratings",In Stock.
Wireless Earbuds Bluetooth Headphones 48hrs Play Back Sport Earphones with LED Display Over-Ear Buds with Earhooks Built-in Mic Headset for Workout Black BMANI-VEAT00L,$39.99,4.5 out of 5 stars,"21,056 ratings",In Stock.
"TOZO A2 Mini Wireless Earbuds Bluetooth 5.3 in Ear Light-Weight Headphones Built-in Microphone, IPX5 Waterproof, Immersive Premium Sound Long Distance Connection Headset with Charging Case, Black",$16.99,4.4 out of 5 stars,"1,310 ratings",In Stock.
"JLab Go Air Sport - Wireless Workout Earbuds Featuring C3 Clear Calling, Secure Earhook Sport Design, 32+ Hour Bluetooth Playtime, and 3 EQ Sound Settings (Graphite/Black)",$21.06,4.0 out of 5 stars,"3,734 ratings",In Stock.
"JLab Go Air Sport - Wireless Workout Earbuds Featuring C3 Clear Calling, Secure Earhook Sport Design, 32+ Hour Bluetooth Playtime, and 3 EQ Sound Settings (Graphite/Black)",$21.06,4.0 out of 5 stars,"3,734 ratings",In Stock.
RIZIZI Wireless Earbuds Bluetooth Headphones with Wireless Charging Case and LED Digital Display 40hrs Playtime Built in Mic Waterproof Earphones with Over Earhooks Bass Sound Headset for Sport Gym,$29.99,4.8 out of 5 stars,712 ratings,In Stock.
STADOR Wireless Earbuds Bluetooth Headphones 5.3 Clear Call 56H Playback IPX7 Waterproof Stereo Earphones with Wireless Charging Case LED Power Display in-Ear Headset for Workout/Home/Office,$19.99,5.0 out of 5 stars,186 ratings,In Stock.
"Wireless Earbuds, Bluetooth 5.3 Earbuds with 43H Playtime, IPX6 Waterproof Stereo Sound True Wireless Earbuds with Microphone, Bluetooth Headphones for Sport and Working",$25.99,4.4 out of 5 stars,"3,212 ratings",In Stock.
"Wireless Earbuds Sports Bluetooth Headphones 4 Mic Noise Cancelling Earbuds 60H Playtime Dual LED Power Display Flexible Earhooks Clear Calls Earphones IPX7 Waterproof Headsets for Running, Gym",$39.99,4.5 out of 5 stars,98 ratings,In Stock.
"True Wireless Earbuds Bluetooth 5.0 Headphones with Wireless Charging Case 36H Play Time, IPX6 Waterproof Earphones Stereo with Microphone, In-Ear Noise Cancelling Earbuds For Working Sports Phones",$12.99,4.8 out of 5 stars,125 ratings,In Stock.
"NIPELL Wireless Earbuds, Bluetooth 5.2 Headphones with 1800mAh Charging Case - 88Hrs Play Time - Cell Phones Charging Function, Built-in Microphone IPX5 Waterproof Earphone for iOS/Android",$29.99,4.9 out of 5 stars,387 ratings,In Stock.
KLOKOL Bluetooth Headphones Neckband 20Hrs Playtime V5.0 Wireless Headset Sport Noise Cancelling Earbuds w/Mic for Gym Running Compatible with iPhone Samsung Android (Deep Black),$18.99,4.2 out of 5 stars,"7,705 ratings",In Stock.
Bluetooth Headphones with Noise Canceling 4 Mic Stereo Sound Wireless Earbuds 60Hrs Playtime with Wireless Charging Case Over Ear Earphones LED Digital Display Headset with Earhooks for Sports Running,$25.99,5.0 out of 5 stars,165 ratings,In Stock.
"LG TONE Free True Wireless Bluetooth Sports Earbuds TF8 - with Uvnano Charging Case, IP67 Dust and Water Resistance, Black",$172.72,3.8 out of 5 stars,14 ratings,In Stock.
